Genome_size,Contigs,Deviation
3000000,669,0.4782325198113472
1000000,1343,0.20846844250154126
3000000,672,0.5149325085866598
1000000,1342,0.8691300191683057
