Position,Ratio
14966,2.0
5460055,2.0
11202828,3.0
11211636,3.0
11227055,6.0
11227060,6.0
11227070,6.0
11227071,6.0
11227749,6.0
13448933,1.6666666666666667
13449816,1.6666666666666667
13449821,1.6666666666666667
13449823,1.6666666666666667
14080885,2.0
16309931,2.0
17402477,2.0
18036595,2.0
18155812,2.0
18741486,2.0
20278977,2.0
21046447,2.0
26457834,3.0
26458077,3.0
26474069,2.0
26579341,2.0
