Position,Ratio
14966,2.0
10859252,2.0
11702773,0.2
11702806,0.2
11725026,0.21621621621621623
11725027,0.21621621621621623
11728927,0.21621621621621623
11731582,0.21621621621621623
11732521,0.21621621621621623
11732792,0.21621621621621623
11732938,0.21621621621621623
11829304,0.5
11869716,0.5
12887073,0.18181818181818182
13259889,1.0
13444034,0.3333333333333333
13448933,1.5
13449789,1.5
23269656,2.0
24829522,2.0
25055490,2.0
26880870,0.6666666666666666
