Position,Ratio
11450370,0.5
11680848,0.5
13411413,0.5
13648232,0.5
13973811,0.75
14110530,0.75
14673469,1.0
14929780,1.0
15423129,1.0
15801395,1.0
16321886,0.5
16636954,0.6666666666666666
17118609,0.6666666666666666
17342234,0.6666666666666666
17771727,1.0
18277178,0.5
18968246,0.5
19586921,2.0
