Position,Ratio
14966,0.6666666666666666
2040768,1.0
5460055,0.6666666666666666
11186761,0.3125
11202828,0.3125
11211636,0.3125
11218614,0.3125
12806581,0.022727272727272728
14080885,0.6666666666666666
16309931,0.4
17402477,0.6666666666666666
18036595,1.5
18155812,1.5
18741486,0.4
20278977,1.0
21046447,0.5
23206476,0.6666666666666666
26457834,4.0
26458077,4.0
26474069,4.0
26579341,0.6666666666666666
